{
  "train_loss": [
    24.901177406311035,
    17.235214948654175,
    12.627683639526367,
    13.150593042373657,
    11.02916145324707,
    10.81562352180481,
    10.83787751197815,
    10.540424346923828,
    10.506279468536377,
    10.607559442520142,
    10.448363542556763,
    10.116624355316162,
    10.405415296554565,
    10.131874084472656,
    10.27580189704895,
    10.150036573410034,
    10.11512541770935,
    10.23676586151123,
    10.2973313331604,
    10.296365022659302,
    10.195340394973755,
    10.36173415184021,
    10.44691252708435,
    10.531561851501465,
    10.064714193344116,
    10.190127849578857,
    10.255800008773804,
    10.289195775985718,
    10.226322889328003,
    10.321046352386475,
    10.175762176513672,
    10.243887186050415,
    10.294776439666748,
    10.450894594192505,
    10.3802490234375,
    10.220062017440796,
    10.09993600845337,
    10.034599542617798,
    10.24698543548584,
    10.439132690429688,
    10.272385120391846,
    10.058579206466675,
    10.291675090789795,
    10.204076766967773,
    10.492969036102295,
    10.261415481567383,
    9.934526681900024,
    10.266504049301147,
    10.069716215133667,
    10.122189283370972,
    10.53739619255066,
    10.332505464553833,
    10.062436580657959,
    10.14078426361084,
    10.34066367149353,
    10.518666505813599,
    10.33119511604309,
    10.316198348999023,
    10.339723587036133,
    10.462349653244019,
    10.22412896156311,
    10.214194536209106,
    10.332366228103638,
    10.420390367507935,
    10.167642831802368,
    10.408722639083862,
    10.20912766456604,
    10.171945571899414,
    10.391415357589722,
    10.346798658370972,
    10.103789567947388,
    10.014567852020264,
    10.05415415763855,
    10.170494079589844,
    10.061030864715576,
    10.092037677764893,
    10.04882287979126,
    10.035492897033691,
    10.152620553970337,
    9.885743856430054,
    10.23425006866455,
    10.24790620803833,
    9.971617698669434,
    10.013476610183716,
    10.006982564926147,
    9.890724420547485,
    9.84536361694336,
    9.998403310775757,
    10.004778385162354,
    9.976734399795532,
    9.934166669845581,
    10.072419166564941,
    9.85556149482727,
    9.948166370391846,
    9.92926836013794,
    10.136701822280884,
    10.080591440200806,
    10.11966061592102,
    10.034279823303223,
    10.049570083618164
  ],
  "autoregressive_loss": [
    8.555938959121704,
    4.591194331645966,
    1.5755432844161987,
    1.7380255609750748,
    0.36034512519836426,
    0.3436981588602066,
    0.4498323127627373,
    0.285620354115963,
    0.2890108786523342,
    0.24243782833218575,
    0.20527074858546257,
    0.15300340577960014,
    0.388448316603899,
    0.10720738209784031,
    0.15371947549283504,
    0.14484145864844322,
    0.11184418015182018,
    0.1165881734341383,
    0.1679309383034706,
    0.24001726508140564,
    0.14801431447267532,
    0.10605167225003242,
    0.15900501422584057,
    0.13761615008115768,
    0.145979356020689,
    0.12034360319375992,
    0.12704632431268692,
    0.17705120146274567,
    0.13979391939938068,
    0.07473083771765232,
    0.04206778295338154,
    0.0809294767677784,
    0.10462848842144012,
    0.1048091072589159,
    0.15054474584758282,
    0.07045463472604752,
    0.06541123986244202,
    0.03784588724374771,
    0.0907886391505599,
    0.14562799409031868,
    0.13786733150482178,
    0.09076261892914772,
    0.05349294375628233,
    0.04907380975782871,
    0.39840882178395987,
    0.2046052897349,
    0.07818522118031979,
    0.14464385341852903,
    0.08342287130653858,
    0.0762461256235838,
    0.1392293330281973,
    0.0722642783075571,
    0.06133691594004631,
    0.058283680118620396,
    0.055010855197906494,
    0.06556291040033102,
    0.0678040599450469,
    0.0985700311139226,
    0.08684542775154114,
    0.09007844794541597,
    0.05946780927479267,
    0.045299232006073,
    0.040635270066559315,
    0.04266476817429066,
    0.05861675087362528,
    0.10058985836803913,
    0.0889851450920105,
    0.053858401253819466,
    0.039425904862582684,
    0.038821205496788025,
    0.035153516568243504,
    0.04963803198188543,
    0.07157141156494617,
    0.08034995570778847,
    0.08801652304828167,
    0.08278437331318855,
    0.08474870957434177,
    0.08392318338155746,
    0.08122331090271473,
    0.06371652334928513,
    0.06731463503092527,
    0.060968635603785515,
    0.06653262116014957,
    0.056682378984987736,
    0.055894541554152966,
    0.05202004685997963,
    0.0599512318149209,
    0.06523485947400331,
    0.059117513708770275,
    0.06063491478562355,
    0.07316281832754612,
    0.0562593387439847,
    0.054042618721723557,
    0.06489813793450594,
    0.05875708255916834,
    0.06693326961249113,
    0.05418785288929939,
    0.06486042495816946,
    0.06393450126051903,
    0.053715658374130726
  ],
  "contrastive_loss": [
    21.11824321746826,
    21.188061237335205,
    21.224783897399902,
    21.24423885345459,
    20.713807106018066,
    20.620158195495605,
    20.383142948150635,
    20.30077600479126,
    20.266128540039062,
    20.405792236328125,
    20.3097825050354,
    19.74812126159668,
    19.96564817428589,
    19.90490961074829,
    20.11057186126709,
    19.924660682678223,
    19.909292697906494,
    20.159027099609375,
    20.165222644805908,
    19.87969970703125,
    19.989596843719482,
    20.320340633392334,
    20.48647975921631,
    20.579533100128174,
    19.672199726104736,
    20.054025650024414,
    20.090778827667236,
    19.9970760345459,
    20.017768383026123,
    20.359510898590088,
    20.224457263946533,
    20.168911933898926,
    20.26429796218872,
    20.438687801361084,
    20.35652208328247,
    20.222588539123535,
    20.00108575820923,
    19.882625579833984,
    20.288546085357666,
    20.400354862213135,
    20.04274272918701,
    19.829784393310547,
    20.46126651763916,
    20.250592708587646,
    20.153337001800537,
    20.087188720703125,
    19.62605094909668,
    20.224308013916016,
    19.941434383392334,
    20.046212673187256,
    20.537114143371582,
    20.40339183807373,
    19.992156982421875,
    20.140231132507324,
    20.532533168792725,
    20.854804039001465,
    20.452036380767822,
    20.38040781021118,
    20.40970516204834,
    20.605690479278564,
    20.213298320770264,
    20.291600227355957,
    20.4952974319458,
    20.689924240112305,
    20.151264667510986,
    20.488356113433838,
    20.184255123138428,
    20.109299182891846,
    20.68489980697632,
    20.45340061187744,
    20.102176189422607,
    19.891906261444092,
    19.889403820037842,
    20.018767833709717,
    19.77862548828125,
    19.891826629638672,
    19.781481742858887,
    19.78421115875244,
    20.0999493598938,
    19.557250022888184,
    20.21733522415161,
    20.345873832702637,
    19.774971961975098,
    19.799654483795166,
    19.72490406036377,
    19.595533847808838,
    19.499858379364014,
    19.757507801055908,
    19.82386541366577,
    19.648643016815186,
    19.647522449493408,
    20.003023147583008,
    19.543399333953857,
    19.711748600006104,
    19.646225929260254,
    20.046903610229492,
    19.959353923797607,
    20.06620693206787,
    19.849759578704834,
    19.92403221130371
  ],