{
  "Si": {
    "densities": [
      0.5,
      0.6666666666666666,
      0.8333333333333333,
      1.0,
      1.1666666666666665,
      1.3333333333333333,
      1.5,
      1.6666666666666665,
      1.8333333333333333,
      2.0
    ],
    "latent_norms": [
      0.22058629989624023,
      0.22058629989624023,
      0.22058629989624023,
      0.22058629989624023,
      0.22058629989624023,
      0.22058629989624023,
      0.22058629989624023,
      0.22058629989624023,
      0.22058629989624023,
      0.22058629989624023
    ],
    "critical_density_estimate": 0.5833333333333333
  },
  "Fe": {
    "densities": [
      0.5,
      0.6666666666666666,
      0.8333333333333333,
      1.0,
      1.1666666666666665,
      1.3333333333333333,
      1.5,
      1.6666666666666665,
      1.8333333333333333,
      2.0
    ],
    "latent_norms": [
      0.22058629989624023,
      0.22058629989624023,
      0.22058629989624023,
      0.22058629989624023,
      0.22058629989624023,
      0.22058629989624023,
      0.22058629989624023,
      0.22058629989624023,
      0.22058629989624023,
      0.22058629989624023
    ],
    "critical_density_estimate": 0.5833333333333333
  },
  "W": {
    "densities": [
      0.5,
      0.6666666666666666,
      0.8333333333333333,
      1.0,
      1.1666666666666665,
      1.3333333333333333,
      1.5,
      1.6666666666666665,
      1.8333333333333333,
      2.0
    ],
    "latent_norms": [
      0.22058629989624023,
      0.22058629989624023,
      0.22058629989624023,
      0.22058629989624023,
      0.22058629989624023,
      0.22058629989624023,
      0.22058629989624023,
      0.22058629989624023,
      0.22058629989624023,
      0.22058629989624023
    ],
    "critical_density_estimate": 0.5833333333333333
  },
  "Cu": {
    "densities": [
      0.5,
      0.6666666666666666,
      0.8333333333333333,
      1.0,
      1.1666666666666665,
      1.3333333333333333,
      1.5,
      1.6666666666666665,
      1.8333333333333333,
      2.0
    ],
    "latent_norms": [
      0.22058629989624023,
      0.22058629989624023,
      0.22058629989624023,
      0.22058629989624023,
      0.22058629989624023,
      0.22058629989624023,
      0.22058629989624023,
      0.22058629989624023,
      0.22058629989624023,
      0.22058629989624023
    ],
    "critical_density_estimate": 0.5833333333333333
  },
  "Al": {
    "densities": [
      0.5,
      0.6666666666666666,
      0.8333333333333333,
      1.0,
      1.1666666666666665,
      1.3333333333333333,
      1.5,
      1.6666666666666665,
      1.8333333333333333,
      2.0
    ],
    "latent_norms": [
      0.22058629989624023,
      0.22058629989624023,
      0.22058629989624023,
      0.22058629989624023,
      0.22058629989624023,
      0.22058629989624023,
      0.22058629989624023,
      0.22058629989624023,
      0.22058629989624023,
      0.22058629989624023
    ],
    "critical_density_estimate": 0.5833333333333333
  }
}